Traffic,Sources,UDP,TCP
2106929,96487,135443,1896381
1989633,96519,137213,1775975
1974694,97867,139253,1758867
1490345,98306,139985,1275096
1359381,98348,139029,1144330
1441198,98738,137849,1226879
1433223,96128,127213,1230409
1433294,95662,130614,1225996
1403888,96161,133879,1194434
1391366,96222,123078,1191576
1427235,96370,118792,1235297
1453743,96240,118323,1261281
1417554,97224,122999,1217347
1338263,97509,125532,1132545
1367131,96928,122610,1168299
1314308,96312,120212,1117379
1293022,94811,118708,1096778
1287717,93569,114237,1096333
1290579,94196,115273,1098932
1295563,96102,121143,1098365
1356421,96657,124231,1154835
1315543,96576,124580,1114272
1359790,96761,124135,1161490
1386303,97430,128099,1180281
1389304,97729,129415,1182654
1318385,98248,131115,1108691
1294084,99042,135222,1080612
1284144,98614,132335,1073123
1281065,98429,132673,1068735
1209802,99299,133171,999026
1092236,99747,136365,875815
1039186,98924,136069,826200
1071022,100125,139967,851439
1133855,99460,137517,915603
1455793,100551,138327,1235749
2279595,100263,137654,2057197
2325114,100321,137846,2083292
2359100,99870,139175,2114773
2397064,99719,140004,2163612
2425022,100211,140999,2201240
3883673,100108,137429,3668178
6876513,99221,134117,6666848
6480930,99794,139341,6266801
5929710,99696,135420,5719644
2174866,100207,135551,1965328
1213913,100154,136627,1004334
1260718,102088,142736,1043466
1136632,102869,141479,920506
1068764,101350,140386,853946
1642914,99277,134186,1435153
2042022,98809,133932,1833996
2095598,98477,132976,1882945
2049664,98839,134788,1826619
2030128,98553,132722,1813701
2053894,99468,133528,1838210
2082639,98920,132073,1873257
2135792,98400,132199,1925352
2107515,98485,132899,1860512
2094932,98832,131877,1872307
2200521,98274,132348,1992736
2078749,96923,132921,1871597
2079104,97342,127669,1878090
2199249,98133,127878,1998171
2053487,97693,124962,1856530
2102872,97348,125612,1904970
1993865,98326,126956,1799067
2032793,97593,126601,1808739
1212403,97543,122147,992645
1085391,98694,126740,855975
1065340,98001,122512,843066
1112113,99327,125678,890354
1112375,98834,125661,887269
1076615,98294,125122,853561
1091624,98790,127669,861892
1109561,98234,124191,886552
1142959,98017,124129,921903
1121614,98916,127818,896233
1117847,98765,124703,891058
1283872,99555,128079,1058686
1165123,99851,126295,940291
1134790,99638,126567,902744
1090508,99051,128268,859497
1087101,99430,127114,859560
1076908,99327,125615,849043
1098674,98445,124837,874547
1267203,98046,125810,1041239
1206510,98339,125020,985276
1177738,98330,125682,950050
1183977,99031,128665,941469
1224187,101332,137441,974092
1543709,101725,137922,1289254
1646118,100802,135354,1397822
2459422,100856,135351,2208437
2757750,100649,135157,2512092
2849160,100899,133625,2599526
2813574,101022,138924,2556117
3992629,101207,135333,3744910
4663942,101076,135828,4416093
4538147,100998,137254,4288916
4151299,101640,137087,3887316
4134150,101955,138190,3858019
4263877,101871,139940,3989987
4211246,101469,137601,3944431
4168103,101035,136695,3918974
4214098,99884,136685,3964486
2394360,99804,130675,2152100
1235133,99404,131266,991365
1107726,99463,130688,861393
1122765,98716,131031,860122
1105647,99574,133973,863330
1155283,99681,138244,889085
1230639,99980,137441,954469
1212977,100052,136374,941133
1150466,100772,140461,878477
1129392,100892,143195,888391
1116404,99936,141870,884565
1132036,101016,143887,899796
1114387,101338,145266,880461
1117845,101431,149768,883752
1107025,101489,154001,874572
1064742,100868,149053,853722
1716584,99964,142914,1512348
2422691,100459,141791,2219114
2416817,100602,144893,2210869
3502704,100326,142045,3299498
3966148,100170,143260,3762063
3894353,100495,141862,3691157
2433864,99257,139845,2232630
2426417,99847,138263,2227847
2405767,99634,137433,2207297
2402786,99470,136422,2200534
2547424,98933,135351,2344035
2376267,100398,138734,2169568
2202349,99403,141563,1979828
1084607,98661,140589,860144
1020491,99924,142594,794696
1035685,99238,134383,816678
1397207,99787,136954,1175393
1831122,99302,139655,1608025
1865689,98986,136402,1642706
1903275,98897,135524,1681882
2030826,98202,134663,1811321
2235106,98238,133650,2007596
2210061,98009,131752,1980508
2309641,98330,134707,2077314
2617735,98423,137370,2353116
1105261,98593,136436,862388
1083252,98967,136667,847096
1086070,98437,134988,800798
1090449,98296,133131,809278
1079867,98168,135181,797469
1032656,98301,132747,797806
1001062,97781,131914,769644
1006432,97620,131408,776467
1016212,98158,132171,784294
1016981,97621,129156,789467
1036806,97484,128865,809603
1048106,96401,126736,821974
1010541,96424,126608,783240
1015497,96693,125314,789688
1020501,96150,127387,793290
1059336,95661,124153,836309
1037576,96847,126266,810951
978968,97350,130530,752833
986400,97266,126945,764933
972005,97387,127374,750505
967516,98569,129743,743392
965919,98029,127803,743659
1017308,97834,128168,794249
1030333,99096,132644,802576
1039964,99252,135539,808119
1032380,98928,134103,802192
1043896,98326,132531,813298
1050043,99030,138987,815386
1038286,97999,132781,810233
1074701,98296,132381,845850
1074174,98549,130537,845920
1007175,98516,132770,775640
985668,99436,135881,758807
1029560,99325,129388,809033
1072842,99454,131450,850988
1033950,98889,136841,808950
1035552,98851,137383,808792
1028926,99843,143073,797546
1034045,100782,144080,801045
1020122,100923,140668,789376
1029442,101218,146319,792912
1053099,101158,150218,812039
1109693,101261,149333,870129
1054803,101811,149912,813791
1040827,101889,151672,798934
1037836,101424,149839,799431
1042007,101917,149530,800895
1024693,101384,146329,788784
1099517,101498,147608,862822
1092673,102423,150310,852671
1083983,102344,151637,841648
1055137,101991,148526,816163
1047444,100775,144447,814339
1075771,101363,144799,841160
1038323,101360,144639,804470
1026997,100854,146800,790550
1029991,100339,142050,795960
1022771,98830,134146,798728
1026346,99226,135155,800664
1050979,98546,134239,826322
1011776,98982,131162,790077
996022,98576,127918,777818
968264,98134,131445,746405
988286,98346,131716,767034
1051157,98390,135146,825298
1048385,99029,133514,822725
1057715,98695,138190,824279
1102040,99407,142599,864863
1100344,99225,138719,873011
1118165,99167,133569,921481
1102297,99100,131480,908737
1127023,99295,128989,937773
1096881,100867,137719,898059
1098180,100563,137485,900610
1140141,100246,133476,945275
1117885,99900,135216,922276
1009634,99610,135993,811574
1018708,101182,139004,818137
966291,100977,139766,766583
965940,100196,138602,767079
963301,100198,136888,766751
965408,100587,139342,765861
964386,100952,138376,759635
951690,99535,135767,739703
968806,99693,135095,758167
1001536,100857,136149,787204
963038,101763,139006,746905
980921,101411,141486,751868
1082573,102016,142894,851273
971743,100918,140153,743752
982090,101293,143581,761788
997387,100607,139499,781604
1011805,100277,140684,785230
1009711,100659,136931,780345
959185,99157,135641,736368
967501,98372,135336,735690
989105,98498,134836,766136
1092523,97653,128189,886836
994039,97794,132078,778898
968122,98205,130420,755043
978919,97991,133292,748601
1000369,98624,138823,777138
1039524,98816,141368,814464
967944,97510,136674,753813
963397,97083,135924,749391
977444,98166,133275,765581
985157,98352,129785,776036
1002896,97791,130437,791082
1019009,96633,126594,806474
1042031,95827,124887,826350
1021827,96843,133508,809723
992285,97523,140003,773462
993761,97854,125477,789986
989989,98199,121866,790744
992330,98707,125360,789058
987961,96551,121758,789405
982142,94729,111443,793767
1080478,95529,119284,884839
952391,96642,129030,745662
1067977,97408,129909,859939
968527,97949,129417,760392
967407,98107,133648,752975
953979,97636,127910,746631
938292,98215,131887,726393
932658,97623,130829,723269
923209,97141,128232,716405
963446,97939,129221,755257
1125984,97727,130216,917535
1122844,97277,128272,914858
1135246,97062,125728,929753
1089619,97468,128324,881377
1071911,97431,128027,860599
1096393,97919,130647,876751
1099711,97799,126800,894152
1149900,98143,126035,943634
1148876,97944,127788,941260
1083441,96825,127061,875710
1096036,97637,130232,884563
1102680,98319,129161,893950
1166717,98935,130286,956710
1236927,98911,129764,1027552
1236468,98371,127882,1028435
1152011,98898,131679,940535
1127002,99807,130287,916252
1157141,99830,130426,946025
1194395,100190,129664,983952
1185539,99939,129985,973710
1161812,100425,137527,943420
1155233,101098,139661,932485
1150577,100968,146475,912400
1095119,100457,138955,856869
1098854,101453,134654,869065
1120685,100668,146768,877086
1095368,101949,151397,848334
1093948,101679,151548,849229
1224460,100595,145185,995001
1353055,100489,145139,1123080
1503310,100804,142151,1276227
1367823,100586,138394,1145974
1371069,100998,141898,1144681
1351537,101031,144401,1122261
1521269,101534,142976,1293271
1277473,102134,141477,1052041
1258761,101219,139581,1035176
1269254,100373,139258,1050147
1286481,100023,138877,1066464
1230158,100725,142886,1006060
1230711,101174,140623,1006670
1274056,101110,125480,1057398
1246920,101568,129162,1023591
1249286,101579,128457,1026218
1268806,101100,127335,1046601
1240395,101562,130092,1020262
1239248,102662,129281,1014740
1184494,101788,131538,958076
1280262,102318,130914,1054195
1273068,102520,130206,1046526
1275059,102545,129447,1048858
1277671,103547,133141,1047905
1266791,103407,134509,1035486
1281805,104365,135866,1049021
1307744,104552,136526,1074124
1270894,104800,136130,1019029
1274167,105206,132297,1034070
1272680,104007,133900,1042737
1254329,105198,134115,1023503
1287821,104429,135024,1056424
1354077,104486,138781,1116562
1363100,104626,135674,1125274
1435091,103872,134844,1192117
1431484,103775,132584,1181667
1396758,103712,135002,1120996
1386250,103251,131955,1113162
1392909,104030,130127,1122483
1363950,104471,132680,1086363
1377102,102701,125133,1110903
1384784,102683,123735,1114648
1188302,102391,121353,919114
1110766,101622,121992,882400
1054124,102330,122391,836721
1053533,102352,122805,833700
1064960,103503,120766,848426
1102020,103383,122374,882372
1189590,102995,121801,970360
1128569,102633,121918,909599
1172799,102227,119830,956819
1124308,102719,120739,906081
1099989,102862,119503,882522
1201073,103361,120789,986591
1147508,103051,117492,937020
1073245,102860,118489,861906
1064911,103400,120039,858693
1112214,103378,117796,909670
1094359,103304,120716,888731
1075811,102970,119464,872354
1044385,103313,118320,842227
1035293,103048,119993,831981
1060722,103764,119201,857157
1096042,104201,120708,891632
1027290,104975,121436,820213
1013970,105767,121681,807170
988511,104583,119297,784471
956158,105406,118899,770279
1053335,105418,122145,862917
1012946,105312,120242,824107
997442,106362,122223,808064
1021773,105448,120868,832456
1029883,105340,121134,840902
1027405,105917,127834,831910
1032857,106118,129901,834889
997429,105946,122260,806848
1029092,106194,123278,837028
981780,105552,119885,793348
972070,105719,120772,783597
969539,106035,119021,782401
1018739,106359,119977,830026
977851,106061,118430,790830
981654,106049,119398,794397
1000040,106813,121297,811158
1033655,107656,121408,834501
1076523,107550,119644,870815
1093694,107267,119060,887849
1181513,107321,119687,976403
1005249,107434,120612,799955
998203,107904,121280,790750
1054631,108309,121494,849112
1018766,108114,121683,827976
981883,108276,123735,789831
991071,108612,119085,805098
987045,109526,122978,794162
988991,109532,122271,789957
997744,108774,122030,798438
1138579,108928,120537,940305
1014457,109438,121769,814887
1060470,109639,121178,861008
1048908,109567,125695,844945
993179,110434,121696,792606
1015503,109929,123441,814796
1018282,111112,124946,815497
1097570,111827,124316,900281
1128169,112274,126112,932678
1083696,112150,124651,890289
1144690,113834,125986,950782
1078843,112863,123704,886333
1112459,113429,124979,914178
1128949,113147,126554,928510
1088230,112702,135199,880000
1068038,113312,129877,865692
1056759,114160,132692,852411
1251303,114428,138152,1037644
1271447,112680,130221,1066020
1329151,113270,137193,1115486
1269484,113172,140691,1050005
1256665,112662,133829,1041054
1282539,112853,131560,1065446
1251570,113950,140798,1024608
1306238,114262,133696,1087248
1237783,113609,142462,1004276
1252009,113954,143094,1014144
1228822,114454,136409,1013770
1226446,114539,130656,1020380
1205050,114925,131443,999069
1234966,114805,129957,1028827
1282627,114872,127569,1082165
1265344,115231,128671,1063316
1237724,115350,128961,1038099
1232599,114620,128521,1035175
1211366,115703,131362,1010846
1213715,115269,130947,1015132
1211583,115697,127981,1014006
1190109,115226,129923,991390
1204436,116725,141671,993094
1216046,116181,140588,1007356
1197850,116750,131799,997114
1203100,117541,132225,1001685
1186573,117770,131830,986560
1212921,116800,128513,1015587
1232884,117203,131198,1032407
1231947,118280,132686,1022977
1297508,117619,132269,1090874
1310541,117891,133432,1098262
1264265,117742,131459,1055026
1451515,118445,133860,1239851
1334729,118715,135783,1119611
1279214,118240,133257,1067058
1265742,117904,132273,1051139
1265229,117531,135340,1054477
1287557,117868,134694,1082725
1292923,117981,133665,1089359
1325883,117942,136021,1119445
1324492,117884,138946,1113991
1305178,119965,145734,1087563
1286284,120483,151919,1063122
1308280,121184,147623,1090340
1345122,121088,148798,1124966
1312034,120933,146632,1095209
1346591,120290,146982,1128887
1329273,120533,147340,1112175
1370408,120354,145153,1154992
1462989,120529,145093,1246965
1385172,121956,148295,1165491
1378159,122016,149930,1153384
1365264,121643,147774,1137653
1379440,120727,147968,1151649
1391727,120500,148462,1163080
1408599,121013,149681,1177739
1380460,121778,147916,1150437
1385654,122147,147503,1155729
1409414,121838,145994,1188517
1391132,121811,146297,1173114
1303559,121731,143904,1078157
1368039,121711,145223,1096118
1381819,122024,145443,1165196
1639123,122693,143222,1425780
1583885,122690,143624,1369457
1530750,122899,143043,1314584
1527870,122811,141382,1316713
1238809,122794,142406,1025850
1211868,122546,138922,1002832
1217447,122477,142409,1004765
1233562,122519,139011,1023928
1238828,123048,144832,1023032
1241176,122296,141618,1028144
1248126,121714,137566,1039218
1241294,122039,136703,1034271
1262076,122112,137787,1053435
1288675,121653,135626,1082881
1295427,121513,139227,1083514
1260871,121140,137160,1052440
1236069,120912,134820,1030437
1243467,120476,136843,1035481
1298118,121392,134198,1092508
1298972,121470,135565,1093296
1257357,122493,136195,1051137
1252891,123231,137478,1044883
1295338,123280,145053,1079490
1291877,123363,151428,1070215
1258922,123236,138918,1049329
1290288,123578,137541,1081619
1322901,123718,137867,1114774
1331586,123965,136578,1124293
1351132,123549,134998,1146313
1373464,122608,135769,1167520
1350689,123321,134146,1146398
1305335,124341,133765,1102488
1585119,124039,133439,1382355
1298980,124437,136286,1092164
1241539,124378,136219,1035347
1243870,125161,132967,1040263
1239096,125850,137416,1031567
1260155,125442,136649,1052985
1269135,126197,137275,1061093
1254096,125804,135119,1049512
1227375,125662,136901,1019535
1237560,125991,138490,1028431
1239520,126887,137915,1030090
1276430,125457,136605,1067648
1291290,126058,139881,1080109
1326546,125899,136672,1119932
1257168,126140,138148,1047988
1282545,125589,136879,1075236
1300107,126190,142789,1085648
1296332,125866,141918,1083823
1298005,126223,141407,1085272
1256098,126474,137969,1046527
1262091,126400,136448,1054935
1241524,125722,137645,1032015
1262080,126142,136880,1052321
1300809,126306,136723,1093160
1256355,126072,136694,1048230
1297626,125931,136806,1089254
1290794,125438,134505,1084867
1256929,126393,137336,1048609
1268365,127387,138894,1058618
1254003,126290,135791,1045887
1269611,126511,135027,1063036
1312213,127199,140143,1100908
1374774,127720,175489,1129409
1353397,127140,172577,1110548
1296726,126834,174561,1051301
1328676,126743,176732,1082214
1405324,126733,172178,1161360
1402188,128059,172589,1158606
1358868,128042,174077,1115453
1339032,127765,171326,1096912
1416811,128035,169979,1176532
1418985,127373,169621,1178262
1422924,127363,171415,1181201
1477044,127480,169500,1233629
1520632,127758,197179,1249599
1564114,127985,224222,1265112
1673457,128753,235630,1362756
1595015,128352,219696,1300566
1570552,129055,231081,1265406
1560195,129436,223714,1264212
1559620,129358,231391,1259633
1561219,129175,234443,1257761
1525538,129702,230705,1224971
1505979,130043,238336,1197077
1551958,131390,240470,1235624
1513747,131436,232676,1198326
1501484,131051,233030,1182793
1517779,130868,242961,1200954
1533058,131645,237744,1225583
2529922,131227,236892,2223517
2594540,131332,237373,2288422
2478767,131256,236084,2173654
2496135,130465,228759,2198015
2490601,130425,230984,2189500
2528376,129835,233653,2226822
2483737,129091,197508,2217453
2475322,129646,192194,2212085
2418460,130176,194923,2154217
2475521,129464,193071,2212833
2484149,129339,203120,2211539
2519314,128617,216993,2232348
2527896,128740,220015,2238219
2513900,128641,227491,2217701
2501632,128485,230180,2202739
2480370,129215,226645,2184642
1494391,128360,211014,1214429
1445825,127890,208606,1162338
1514674,128878,221351,1219113
1443934,128932,217786,1157144
1439831,129721,218618,1152074
1462500,130231,212792,1180819
1446042,129332,217873,1158638
1430509,130460,215992,1145392
1444876,130033,222991,1153574
1394223,129669,211750,1114110
1441798,129583,220196,1153232
1466732,130117,227866,1169587
1561215,128963,229088,1263834
1475502,129067,224196,1180803
1474258,128276,212671,1190051
1397715,127751,209985,1113976
1398586,127560,219155,1106447
1405145,129444,231246,1088854
1389757,129791,225596,1084278
1419726,129515,228505,1111483
1435420,129653,230917,1129411
1411586,129139,237460,1102797
1398271,129886,234703,1092051
1442206,131144,235900,1134797
1440486,131488,229938,1139104
1425526,131639,243579,1110806
1460843,130753,238956,1150473
1572069,132426,245063,1258262
1546793,132819,246173,1232242
1474961,133093,238782,1167523
1464770,133420,250631,1145758
1451633,133805,246596,1136261
1481397,135309,251061,1161958
1519242,136209,243930,1207984
1608808,137052,239186,1300904
1715082,136988,251434,1395407
1571097,137008,251516,1250994
1475238,136599,252013,1154981
1494153,136603,251202,1175241
1505911,137046,252214,1185145
1497049,136716,252910,1174908
1504355,136754,252407,1183126
1464709,135613,251283,1144177
1468191,135769,252901,1147177
1450757,136563,246082,1136061
1542149,136905,249404,1223755
1445308,135224,247722,1128901
1417974,136479,248943,1099933
1412303,135568,242801,1100492
1427296,134927,241640,1115746
1445746,135448,246106,1130461
1524987,135192,245546,1210493
1449641,136703,247540,1134278
1437220,135910,245195,1124104
1440025,136539,234752,1136685
1467523,136880,237585,1160981
1437640,136905,246876,1120797
1436920,137038,245637,1121826
1465304,136812,243091,1153789
1512550,138169,249158,1193715
1583878,139094,249558,1265906
1516124,138996,248196,1200624
1484488,139441,253069,1165264
1539639,139383,250612,1224227
1518265,139495,252110,1200843
1513928,139051,251246,1191087
1518319,138954,250943,1198751
1528981,139045,250736,1204488
1529595,138840,245285,1216768
1728361,139268,243389,1419831
1956088,139700,247692,1643203
1928407,138984,259709,1599390
1869578,139420,254317,1550814
1865470,139869,252202,1549559
1883651,139847,240106,1578538
1719185,139870,246498,1407974
1436748,139640,244590,1125239
1468504,139354,251825,1149830
1441595,140526,250636,1125543
1467403,141520,257528,1143758
1499123,143361,264730,1167347
1480927,143358,265117,1146180
1487241,142333,259575,1159038
1502561,143231,263725,1170816
1510194,143558,253278,1188253
1503454,142444,263259,1169340
1496497,143463,264156,1158882
1530447,143349,271642,1189088
1596374,143262,271103,1256789
1592880,142920,261079,1253036
1598816,143468,266583,1254598
1560034,143338,266917,1222440
1557538,142673,267789,1215863
1500658,142507,259332,1169678
1494110,142302,259457,1165193
1511617,139873,256060,1187607
1539605,140268,252808,1215958
1454180,140726,257273,1129039
1488334,141986,261445,1160488
1479513,141089,246781,1166634
1453552,141097,239217,1148357
1438036,141154,238268,1133834
1426539,140569,243003,1117063
1452120,141281,246519,1140325
1428596,142257,241695,1123170
1440621,142954,256155,1116493
1410784,141832,253552,1088093
1410084,142083,253694,1087247
1413324,141868,252979,1091081
1443690,142629,249992,1124321
1404912,141026,243090,1095267
1468945,140980,250074,1153151
1464104,141450,252369,1146368
1470308,141825,255819,1146703
1490612,142340,261737,1159470
1493985,142579,263753,1161575
1436694,142190,259017,1109914
1432833,143074,261593,1101154
1425443,142303,257799,1099532
1454920,143428,250416,1110169
1444324,142828,251661,1096980
1457992,143612,243603,1141075
1453717,142072,236850,1147780
1481782,142589,244557,1168325
1505133,142509,237828,1197267
1512572,143187,241048,1203274
1484503,142372,241424,1176679
1514513,143304,240182,1208894
1519558,142099,233173,1220363
1492965,141918,224558,1200797
1484590,141960,235199,1181371
1484968,141933,240415,1176545
1476517,142007,231385,1177850
1463766,141703,232492,1163149
1445559,140750,222776,1154937
1509286,141324,234890,1207417
1506981,140631,231058,1208794
1470438,141148,226497,1177152
1460636,142109,237030,1157285
1429418,143412,240188,1120562
1411805,142773,236386,1106704
1601745,142631,239067,1292972
1486839,142334,243305,1175860
1414363,142339,244412,1102113
1433010,143066,249100,1115104
1425902,144098,237688,1121189
1433182,143665,251494,1114701
1432173,143784,251399,1113316
1435244,143789,239500,1130496
1454726,143627,242365,1146936
1500481,142487,238940,1197594
1477367,142357,235199,1178130
1508733,142854,244445,1197789
1493446,142061,239791,1188555
1493778,141517,250951,1171953
1483815,141552,250263,1153881
1466959,142335,244665,1157349
1517759,143564,244246,1208851
1479468,143750,247189,1166380
1546179,143059,249852,1228816
1480597,143235,244504,1169373
1491789,143612,242050,1183175
1781536,143757,249954,1464400
1479191,143223,251172,1161318
1457570,144017,241187,1149831
1455373,143794,243393,1145551
1442136,143982,245006,1132450
1466069,144509,244574,1154803
1457105,144880,245868,1144635
1475398,143310,246839,1162222
1497972,143679,238871,1192408
1484938,143364,237453,1180120
1405509,143626,238667,1100403
1459936,143273,234675,1159261
1466736,142843,221778,1180583
1487479,142695,237660,1185375
1482335,142190,223896,1192590
1542771,142959,213512,1261851
1542579,141980,230984,1245833
1437201,140929,235737,1135556
1578085,141665,242975,1269747
1454561,142208,238364,1150149
1519359,141886,240969,1211801
1534496,142621,237677,1231457
1602025,142122,238039,1298999
1483739,142397,239537,1178900
1515484,143077,237452,1212422
1513877,142291,239850,1208254
1512166,142759,234017,1214006
1532917,142638,224677,1242767
1525628,142134,226567,1232192
1477969,141467,230639,1176567
1471576,141685,236168,1167327
1488052,141447,239260,1182533
1509937,141043,241615,1202678
1566670,140745,238079,1264907
1537525,141013,234320,1240150
1518688,142056,235882,1214744
1482917,141692,238483,1174404
1446049,141587,244491,1133631
1480672,141029,235616,1175813
1480944,141864,239472,1172332
1504456,141793,246292,1187304
1452029,140872,242326,1140715
1433869,140782,236175,1129271
1428022,140042,237321,1118841
1444099,140703,235363,1139343
1427883,141553,242520,1116377
1408766,141519,233615,1107164
1450407,141620,228593,1152511
1431272,141601,241557,1120071
1438153,142831,242093,1127429
1416423,141918,234296,1113754
1447377,142373,237033,1140773
1464769,142010,239270,1155988
1498004,143276,233593,1195007
1474815,144339,243207,1163156
1773447,144159,240390,1463706
2355925,143856,240730,2046813
1859595,142346,226104,1563398
2165942,141889,237893,1857828
2015296,141496,239103,1706995
2425944,141543,241638,2116356
1921397,141622,233826,1618145
2325022,141990,232695,2023522
2417800,141473,231160,2117422
2333310,142540,242545,2021296
2327066,142738,235239,2024413
2376262,142955,232216,2077103
2324550,142862,243089,2014965
2346012,142456,241729,2037738
2466470,143378,242508,2158333
4263686,142823,236402,3959690
4333099,141275,240435,4027330
4346430,142264,226055,4052749
4156327,141704,237282,3849029
3409046,142330,233730,3104503
3438149,142437,239083,3129185
3487416,142525,235972,3184059
3434823,143455,238647,3129077
2796107,143028,238393,2490351
1635324,143524,234208,1332881
1658059,143043,235072,1355151
1664032,142193,238055,1359257
1666746,142062,238663,1360665
1602040,141775,236977,1297465
1451430,141848,231287,1153752
1420709,142916,235383,1117502
1467688,141544,232567,1168182
1514954,141742,229136,1218604
1599845,142473,233138,1299916
1463775,141700,221666,1175851
1485288,142175,224479,1188568
1510084,142568,230969,1206665
1552733,142274,231345,1248365
1451583,142130,234975,1144138
1432009,142116,234562,1125101
1457125,141439,231950,1153855
1464858,140654,235033,1157288
1452329,141981,237037,1141913
1459307,141637,232366,1153784
1496564,141101,239732,1184864
1512226,141778,240630,1200050
1425550,142389,235913,1116939
1404923,142817,237284,1094001
1423346,142198,223706,1127664
1476518,140911,237868,1166931
1453533,140550,238209,1142462
1500094,140754,231183,1197117
1566916,141051,227604,1267227
1537321,140918,226937,1237260
1552929,140176,233761,1247832
1485936,139437,236966,1176423
1532630,140728,236019,1225514
1469998,140511,233258,1165579
1566173,140682,237986,1256310
1554695,140241,233015,1250711
1446502,140315,228558,1146782
2583608,139062,225403,2288510
6799479,137166,210547,6522517
6716050,136948,204770,6444029
4769182,136227,212200,4489639
1464400,138773,225855,1164478
1421943,139915,230602,1119149
1447628,139624,220176,1153944
1426011,139838,192649,1162551
1391435,138833,184625,1137440
1494315,139329,183109,1240947
1476454,139404,181382,1223179
1415902,139669,180335,1166044
1414667,140075,181758,1163788
1401282,140178,182406,1149409
1398490,140207,182353,1144765
1452591,140963,187626,1192805
1533986,140342,188648,1272856
1462621,138528,180478,1211736
1469459,137883,178816,1220343
1518644,138168,179876,1266974
1535044,137556,173529,1291162
1467737,138219,180787,1216253
1474545,138465,175143,1229468
1488484,139196,179400,1236020
1451737,137771,178151,1201304
1483175,138101,182130,1227941
1559257,138232,180906,1304207
1490533,138610,186758,1231511
1474628,138719,187750,1215525
1453532,137615,179682,1202240
1449101,137439,184508,1191292
1481156,137631,179971,1230825
1446907,136872,180548,1194025
1502641,136509,181007,1249914
1668525,135136,174922,1419974
1813901,135392,174238,1567113
1813726,135294,175832,1564036
1842621,135613,174023,1595068
1718087,135192,167763,1477634
1487979,135577,170079,1244658
1478050,134876,170038,1235774
1445685,134163,170781,1203099
2226321,134744,172493,1981254
3180795,134680,170414,2938591
3380682,134307,168067,3140882
3413857,134649,174278,3168697
3396951,134794,170961,3154325
3322366,135188,172705,3077810
3056874,135238,167086,2819808
3101597,135012,170752,2865351
3124221,135206,176950,2884800
3116507,135108,170457,2882033
3052777,135327,173233,2815878
1550381,135435,171560,1315775
1551362,134985,173960,1313472
1506790,134331,176102,1266481
1497509,135043,168194,1266209
1469038,135778,181867,1225106
1432392,135243,175072,1196222
1444212,136951,183237,1198312
1468530,136533,179656,1228320
1531308,135988,183157,1287993
1468352,135527,179135,1228103
1466137,135892,182917,1221091
1403448,135847,184646,1158679
1439200,135333,187042,1190934
1433825,135951,187867,1181707
1501486,135565,185267,1253639
1535322,135847,183206,1290380
1295000,134183,173261,1058893
1341539,134961,181347,1092726
1339116,133643,178608,1096323
1312391,133802,178544,1059047
1356071,132600,175057,1116163
1257340,132000,170473,1020025
1215980,130971,169157,984671
1219366,131038,177960,979538
1251156,131172,187805,999272
1231424,132431,188529,972844
1213532,129977,178508,972751
1194226,130280,172232,959245
1217801,130575,180025,976966
1180134,130592,182304,936726
1194812,129981,173742,957275
1228138,128712,172431,991603
1114294,128890,172058,877701
2165692,128540,176184,1911196
2465868,128431,177214,2208748
2483305,129309,176999,2233440
2650417,129671,180836,2392056
2498147,130320,184478,2244159
2553058,130157,188881,2300615
2483751,130421,184837,2220594
2516304,130481,184485,2252924
2513692,129629,183482,2263173
2456294,129588,179230,2216290
2372626,129521,168570,2142976
2527680,130049,187860,2277725
2530368,130797,189523,2275173
1593669,130934,187929,1342998
1182093,129926,171108,947343
1210782,131053,155510,993039
1132198,130942,149553,920236
1148760,130336,145464,941736
1221249,129708,146660,1012007
1136846,129606,146273,928461
1157117,129555,146438,947653
1117461,129288,145048,914033
1138698,129161,144796,936754
1176540,129087,142938,968392
1191628,129098,145422,970843
1188338,129412,143761,972446
1173326,129683,150039,950482
1158527,130330,153635,936815
1145294,130025,151513,941995
1154199,129732,149150,954552
1135034,129518,150743,921777
1137099,129672,151240,923252
1148492,129611,151130,943708
1207615,129012,147587,1008018
1260271,129038,149584,1058365
1160399,129085,150579,956771
1157688,129347,152450,938506
1170236,129000,149308,947175
1182355,128424,148861,979225
1184271,128194,148909,981844
1239371,128356,149834,1036980
1289300,128113,150661,1082010
1296516,127699,149933,1096653
1200990,127762,148110,1001651
1219042,127589,139675,1029407
1221679,127106,134103,1038464
1245970,126032,130663,1066105
1261519,126072,128280,1082224
1283983,126457,127642,1095471
1257148,126104,126305,1068592
1313496,126038,125243,1121694
1317901,125521,123470,1132774
1269553,124342,122621,1083459
1216704,124615,123767,1030203
1245503,124367,122737,1060824
1309076,124307,124233,1123262
1426936,124100,120039,1244838
1680429,123698,119561,1496813
1681754,123133,122766,1491636
1631505,122742,133734,1430627
1694279,122862,129941,1497211
1666483,122325,114786,1490560
1568808,122939,116798,1391131
1608095,122541,116000,1430982
1598138,121389,113859,1422934
1636321,120885,113227,1462156
1728236,121220,111640,1555566
1665470,121894,114504,1489643
1557430,121432,114675,1382840
1521453,121446,114878,1345552
1524547,122390,121337,1341838
1565996,123762,126702,1377170
1603945,123805,132391,1409505
1550566,124719,133245,1356546
1468291,124867,142145,1262656
1506449,125251,139476,1305885
1526906,124690,137935,1325674
1488196,124968,141687,1284672
1586941,125297,144049,1379656
1558758,125188,140324,1354224
1659627,125178,140101,1455091
1587111,124605,135290,1388826
1495393,124851,138916,1291689
1525152,124920,136696,1324066
1439566,124925,140154,1236228
1656950,124932,140590,1452849
1470339,124556,136393,1270807
1570789,124650,135023,1374126
1509109,123733,130007,1316843
1513254,124176,132493,1315808
1549475,123868,130863,1352998
1500681,123965,131799,1306434
1557775,123520,131980,1362718
1551378,123845,133434,1355778
1486556,123448,131191,1293217
1464830,123819,134623,1268798
1632767,123607,133035,1436413
1711947,123630,134581,1514504
1621330,123406,133367,1426690
1638938,123523,133733,1444421
1646764,122893,132368,1453950
1608438,123071,133257,1408307
1643548,122550,133290,1446417
1641003,123267,137338,1439305
1553220,122676,131590,1357440
1360761,122442,133842,1162096
1293574,121313,131516,1096327
1302106,120568,127734,1109658
1358159,120889,127336,1163402
1431080,120640,124030,1233937
1288316,119673,121466,1099916
1309186,119941,123420,1117672
1668174,119997,124415,1478308
1706374,119955,127188,1516246
1625311,119790,125058,1433686
1550078,119464,124577,1360954
1287094,119596,124397,1093357
1120845,119307,126015,932242
1143570,119586,125765,957668
1110465,118730,122714,922261
1160376,118490,122025,971829
1140647,117989,121064,954846
1148539,117950,123182,959799
1168955,117305,120573,985032
1157235,116176,117792,971701
1176685,116197,117184,994272
1756325,116381,116385,1576876
1187869,115980,113654,1012817
1122527,115541,113854,947093
1160138,115729,114296,983719
1171678,115833,115800,994568
1158974,116578,116147,982624
1202318,117771,125020,1011297
1142880,117430,125092,948273
1146886,117445,123676,957815
1216663,117791,126980,1027627
1112373,117299,123849,926681
1157761,117347,124249,970471
1156186,116570,121393,970437
1144053,116708,122359,959984
1112320,116994,124698,924634
1084350,116294,123902,898390
1114437,116080,123598,925287
1144219,116124,123947,956685
1149231,116356,123404,962696
1195478,115974,120935,1010372
1286043,116306,122595,1098383
1306227,115680,121986,1122175
1314538,115990,121895,1132831
1278825,116339,123958,1093140
1242829,116082,123336,1060331
1250032,116506,126038,1065123
1274122,114796,117522,1097255
1300581,115265,118487,1117969
1358688,115559,120483,1174595
1277513,114948,121859,1091450
1321092,114714,121099,1133719
1196176,114668,120158,1012237
1190063,114309,119193,1008210
1247926,114120,123494,1061067
1220152,114466,130111,1028597
1251686,114156,128388,1062565
1324222,114202,131046,1126464
1244387,114374,130806,1047165
1200137,115935,142854,991461
1218365,115912,136662,1014559
1226912,115630,130334,1031291
1292017,115426,130016,1100477
1264809,114772,130995,1075323
1337029,113869,125995,1153282
1318860,114634,128916,1131290
1333941,114627,129894,1145445
1331611,114917,128687,1144639
1287608,114794,131280,1097188
1278977,114602,127349,1092863
1413456,115450,136389,1216601
1331841,116077,135755,1133875
1216443,116355,135791,1019013
1230550,116452,138903,1016159
1209889,116008,138157,990476
1329476,115264,137855,1109761
1307981,114987,136274,1093537
1266009,114148,136806,1053186
1225349,112423,124074,1027594
1207949,110716,114131,1014926
1165427,110225,115772,969445
1131722,110244,114587,932992
1169755,109638,113315,983889
1267882,110896,120265,1075774
1184474,111007,124949,986169
1205628,110914,122061,1006934
1203817,110018,120185,1006965
1250369,110351,120585,1056023
1189418,110627,121059,993803
1175285,110660,121937,977396
1158797,110143,118671,963980
1193519,109604,118479,998567
1200122,109942,118783,1005804
1146873,110368,118595,953059
1130799,110685,123213,935821
1098006,110800,122321,898917
1098483,110187,118972,902643
1089890,110712,120080,887248
1065024,110363,120498,866720
1095199,110441,123491,891690
1097643,109847,121900,897796
1105057,109454,123378,903249
1118223,109918,124187,915319
1142498,110292,125734,938819
1205811,110256,124768,1003254
1179013,110815,127340,975058
1168323,111387,130511,960288
1173958,111690,135786,960933
1125222,111337,136195,912365
1118459,110994,134673,905743
1121929,111270,137174,907355
1115717,110401,135717,901617
1120606,109878,133214,909614
1139729,108729,130014,929183
1177759,106994,123895,972962
1227495,106984,123978,1019630
1129324,106934,122113,923605
1114457,106137,120100,908922
1114843,106126,120863,910388
1122988,106498,122151,916050
1085107,106150,122919,878846
1087288,106257,120738,883630
1055419,105546,119423,853071
1110366,103855,113246,912491
1186733,102946,112265,988908
1115291,102787,113420,917084
1098365,103125,112491,902498
1151753,102465,110890,959819
1120924,102152,112326,929721
1186808,102492,112241,995303
1083656,101728,109281,894426
1150396,101692,108360,963114
1127389,101289,111046,937108
1136360,101213,111540,943076
1117143,100903,110563,927760
1124819,100936,111423,932678
1085064,100791,111006,893156
1190606,100845,109503,976511
1143069,100541,111725,933712
1085980,100228,110879,899102
1151757,100703,108891,967246
1086320,100131,108056,900435
1116990,100112,110973,930532
1132883,100054,111999,942747
1128574,100109,110496,935628
1086195,98777,109819,898221
1135723,99007,110452,947802
1225486,99303,110233,1032560
1235283,99179,111269,1046440
1160492,99221,112441,968786
1353481,99636,112936,1161967
1341191,99662,113706,1147891
1282628,99703,110466,1095091
1258374,98667,111491,1069476
1260456,98321,111275,1072008
1230298,98148,112423,1040027
1217441,97556,109184,1031302
1275621,98092,114219,1078598
1260140,98019,114794,1067498
1254465,97707,114333,1060175
1283589,97108,112149,1086894
1261862,96946,111571,1062895
1265292,96687,110074,1077988
1289647,96858,112484,1099238
1256616,96301,110198,1041435
4211646,96157,109072,3962962
5850915,95876,109589,5661491
5788847,95462,109201,5597128
5299490,95216,110676,5109932
1039187,94849,110380,848261
1026795,94145,108432,838417
1130808,94648,109277,943893
1100634,94362,107467,910256
1053362,94658,108485,843740
1044745,94294,108675,841877
1050369,94445,110088,844109
1042838,94784,110148,836134
1047752,94831,110526,842569
1035900,94624,114731,841878
1035033,94783,112415,842358
1046746,93969,113458,855408
1051153,92974,108573,858993
1067510,92785,107602,862775
1106438,92412,103263,905045
1098136,92244,108553,891021
1119754,91829,105724,915739
1124653,91738,104761,921049
1132667,92225,107391,924738
1215869,92230,110443,1007589
1322713,92607,110270,1114963
1160535,92009,110078,949930
1104498,91500,110807,895112
1041572,91143,109660,840427
1050755,91306,110498,864290
1133896,91039,109712,948610
1109103,90413,109194,922693
1123293,90704,109394,932281
1201604,90475,110427,1006219
1175931,90442,110137,985368
1151012,89849,109786,958514
1215799,89473,109500,1025079
1211985,89560,108900,1023673
2434790,89296,106785,2246914
2391758,88869,106211,2203659
2433843,88832,107462,2237854
2336343,88789,107929,2130163
2316701,88362,110011,2116856
2268855,88197,105560,2044792
2235134,87959,104864,2012345
2202584,87884,109047,1972064
2228173,87448,107281,2001680
2220330,87102,105777,1994283
2197498,85862,99908,1980067
2181336,86096,101060,1959437
2211459,85400,98744,1991248
1182783,85240,104189,954369
1015982,84731,98646,795343
989124,84577,98435,770155
1190720,84046,93739,975083
1095905,83494,94721,869523
1010420,83354,93862,804223
983923,82260,92546,783673
970804,82209,91422,771565
1071976,81677,90345,872011
1264033,82774,92162,1062529
1216063,82915,93337,994746
1304874,81943,91809,1069734
1294325,82552,90758,1055182
1249029,81774,89855,1030484
1275724,81292,89110,1073228
1215271,81434,90725,1011348
1234602,80300,87656,1032524
1638920,80337,88368,1437944
1517030,80305,86717,1316242
1513946,80529,89569,1309033
1496832,80591,89931,1292931
1478817,80332,88890,1297106
1449137,80254,92780,1280731
1581544,80411,91547,1417755
1783281,80600,91801,1618435
1823273,80336,95261,1653561
1847181,80429,93839,1679009
1604819,80690,94207,1439837
1372752,80508,94916,1203705
1224343,80293,91330,1061640
1351612,80466,91349,1185402
1292311,80043,91867,1126258
1287588,79758,91087,1105361
1288818,79942,94206,1088923
1307372,79896,93251,1123223
1321357,79757,93229,1135898
1304880,80218,94550,1115211
1309652,79761,96878,1121932
1397146,79897,96008,1222328
1367317,79939,95802,1197024
1395255,79530,94296,1226884
1370539,78908,94287,1202246
1245213,79039,92179,1079429
1217170,79243,94475,1050529
1210818,79287,95723,1026734
1183632,79623,97809,1008640
1158565,78853,96491,982316
1174325,78782,96339,998377
1203674,79060,96919,1028248
1170395,78966,94765,998443
1166025,78960,98573,988514
1317655,79021,94114,1146704
1286412,79509,97376,1115676
1205077,79882,98878,1033782
1264394,79211,98421,1091394
1233792,78965,98859,1046654
1260557,78801,97593,1074164
1325765,79407,99267,1148091
1340846,78836,99189,1162883
1380816,79501,101501,1195500
1440972,79498,100402,1255324
1416043,78998,97638,1239224
1435076,79083,101090,1260058
1317359,78959,101434,1139282
1208453,78846,98356,1038221
950063,78789,101427,771101
917023,79144,98182,733764
937197,79095,101427,723721
909195,81470,113308,718879
941926,81327,117219,742261
938268,81467,115339,749021
1016639,82088,116689,825699
1052417,82046,115066,859839
1000193,81998,116586,810000
999659,81971,116100,809063
959103,81455,114801,770114
988060,81817,116640,797127
945589,81504,115098,753772
1006470,81803,118824,793300
1139138,81438,114825,912008
1049191,81904,113593,819355
1077266,82075,116307,848318
1649091,81817,114837,1440582
1635394,81557,112520,1449365
1644571,79558,102653,1468605
1651673,79574,104946,1472909
1624854,79621,104461,1445914
1609111,79707,105200,1426742
1650140,79552,102894,1472138
1683759,79541,103633,1505537
1622823,80093,104266,1444190
1611422,80846,110629,1420815
1621573,80702,111260,1434974
1657754,80996,111208,1471268
1597021,81272,108283,1414497
1554634,81376,111063,1368390
1580185,80895,108693,1397589
1720833,81622,109320,1538055
1809947,81057,110047,1626155
1785524,80974,110921,1600633
1844965,81100,108429,1663009
1839863,80914,109388,1657215
1803746,81027,110964,1619257
1814533,80648,108335,1632862
1813953,80826,110332,1630360
1804855,80921,109149,1621389
1775927,81173,109512,1592242
1723877,81344,112470,1534995
1860001,81225,110522,1672851
2569317,81259,110905,2384915
2577534,81339,107174,2397138
2616425,81284,109653,2431506
2649252,81696,111737,2463177
2618576,81767,108345,2436010
2617565,81237,109563,2435222
2605799,81271,107631,2426614
2568422,81423,109569,2384546
2561283,81499,106943,2379523
2571034,81782,109899,2390136
2549733,81720,108346,2369476
2553401,82433,111837,2369587
2579495,82423,109518,2395492
2515263,82174,108953,2334073
2574730,82634,113023,2389144
2546551,81508,108840,2365435
2522858,80740,104116,2347751
2420927,80380,104975,2245311
2140424,80066,102840,1968071
1490222,80400,103253,1318546
1520291,80116,105591,1346443
1625648,80455,103839,1448978
1564185,80537,100513,1384757
1522201,80542,104446,1347581
1565932,80054,101950,1395551
1534747,80340,101715,1362297
1638461,80277,103406,1465534
1649852,80635,102939,1476572
1680466,80333,104195,1506539
1612196,80437,101392,1443584
1590968,80838,102871,1419292
1603918,80353,100324,1434312
1638074,80121,99465,1469931
1586698,80835,103250,1413593
1577460,81790,104611,1404650
1570217,81209,103329,1396604
1633946,81208,103007,1461389
1615046,81548,103807,1441948
1586055,82189,107643,1408553
1629715,82247,106868,1452762
1636450,83915,115483,1451357
1612446,84302,114518,1414886
1568778,84092,116102,1373679
1622637,83630,113517,1437636
1727160,84328,115805,1537599
1799649,85092,115273,1611329
1754750,85515,119106,1562746
1752297,86273,117609,1563152
1776125,86062,116619,1591269
1783525,86201,119110,1593340
1817713,86654,119688,1628140
1846773,86282,118482,1658150
1804568,86673,119455,1614333
1671193,86871,117205,1484084
1710025,87675,119346,1519134
1771112,87499,122842,1575488
1705911,88074,123674,1511876
1696326,89007,121830,1503789
1707794,89181,122325,1514735
1731872,88873,123753,1535070
1728612,88731,123968,1533687
